{
  "project_info": {
    "project_number": "393505783475",
    "project_id": "construye-60283",
    "storage_bucket": "construye-60283.appspot.com"
  },
  "client": [
    {
      "client_info": {
        "mobilesdk_app_id": "1:393505783475:android:f2d00348dfa42adeb93ac6",
        "android_client_info": {
          "package_name": "com.example.construyeapp"
        }
      },
      "oauth_client": [],
      "api_key": [
        {
          "current_key": "AIzaSyAroKZLdBFjYxiF5hXI7Cuiewdo_L6J1Z0"
        }
      ],
      "services": {
        "appinvite_service": {
          "other_platform_oauth_client": []
        }
      }
    }
  ],
  "configuration_version": "1"
}