{"flutter":{"platforms":{"android":{"default":{"projectId":"construye-60283","appId":"1:393505783475:android:f2d00348dfa42adeb93ac6","fileOutput":"android/app/google-services.json"}},"dart":{"lib/firebase_options.dart":{"projectId":"construye-60283","configurations":{"android":"1:393505783475:android:f2d00348dfa42adeb93ac6","ios":"1:393505783475:ios:509416f80bb732b0b93ac6","macos":"1:393505783475:ios:509416f80bb732b0b93ac6","web":"1:393505783475:web:bd29cdc17fe4863cb93ac6","windows":"1:393505783475:web:fae1cc73811f42e8b93ac6"}}}}}}